Id;operacao;num_atracacao;berco;Navio;dataatracacao;data_inicio;data_termino;desatracacao;movimentacao;
1,35031E+11;10628;1030;106;FAIR WINDS;26/12/2023;26/12/2023;31/12/2023;01/01/2024;58749,35;
1,35334E+11;10642;1033;101;TEAM SAMBA;26/12/2023;26/12/2023;02/01/2024;02/01/2024;28060,44;
1,35356E+11;10647;1039;108;ZUMBA;30/12/2023;30/12/2023;31/12/2023;01/01/2024;33129,29;
1,35333E+11;10641;1040;99;ROBUSTA;30/12/2023;30/12/2023;05/01/2024;06/01/2024;59000;
1,35006E+11;10627;1041;102;BLUE FIN;30/12/2023;31/12/2023;05/01/2024;06/01/2024;31506,66;
1,35357E+11;10648;1042;105;AGIA MARINA;31/12/2023;31/12/2023;03/01/2024;03/01/2024;32700;
1,35355E+11;10646;1043;104;NAVE ATRIA;31/12/2023;01/01/2024;03/01/2024;04/01/2024;30725,044;
1,33228E+11;10572;1044;100;CEPHEUS OCEAN;31/12/2023;01/01/2024;04/01/2024;04/01/2024;72511,092;
1,35342E+11;10643;1;106;STAR OSPREY;01/01/2024;01/01/2024;03/01/2024;03/01/2024;37016,841;
1,35616E+11;10656;2;108;ANAYA;01/01/2024;01/01/2024;02/01/2024;02/01/2024;4947,926;
1,35447E+11;10653;3;108;DALLAS;02/01/2024;02/01/2024;03/01/2024;03/01/2024;11053,687;
1,35106E+11;10632;4;101;SEASTAR VENTURE;02/01/2024;02/01/2024;05/01/2024;05/01/2024;14293,26;
1,35687E+11;10659;5;106;ELANDRA REDWOOD;04/01/2024;04/01/2024;06/01/2024;07/01/2024;20675,603;
1,35056E+11;10629;6;108;TORM ATLANTIC;04/01/2024;04/01/2024;06/01/2024;06/01/2024;12115,132;
1,35447E+11;10652;7;104;LUCIO COSTA;04/01/2024;04/01/2024;05/01/2024;06/01/2024;3413,648;
1,35275E+11;10661;8;106B;ATLANTIC PRIDE;04/01/2024;04/01/2024;05/01/2024;05/01/2024;12524,948;
1,34939E+11;10620;9;100;IOLCOS VISION;05/01/2024;05/01/2024;07/01/2024;07/01/2024;75571,203;
1,33067E+11;10564;10;101;YASA JUPITER;05/01/2024;06/01/2024;12/01/2024;12/01/2024;40095,6;
1,35446E+11;10651;11;108;MISHELL;06/01/2024;06/01/2024;08/01/2024;08/01/2024;31580,602;
1,35616E+11;10657;12;99;ULTRALAZ;06/01/2024;06/01/2024;09/01/2024;09/01/2024;15858,49;
1,36043E+11;10681;13;104;BASTOS I;06/01/2024;07/01/2024;08/01/2024;08/01/2024;11404,741;
1,35683E+11;10658;14;106;PS IMABARI;07/01/2024;07/01/2024;11/01/2024;12/01/2024;41334,424;
1,35872E+11;10677;15;100;NORD ANDROMEDA;08/01/2024;08/01/2024;09/01/2024;10/01/2024;23554,863;
1,36261E+11;10691;16;104;DARCY RIBEIRO;08/01/2024;08/01/2024;10/01/2024;10/01/2024;3259,846;
1,35945E+11;10679;17;108;TARUCA;08/01/2024;08/01/2024;10/01/2024;10/01/2024;3822,332;
1,35355E+11;10687;18;104;NAVE ATRIA;10/01/2024;10/01/2024;12/01/2024;12/01/2024;26014,557;
1,35281E+11;10638;19;108;OKYROE;11/01/2024;11/01/2024;11/01/2024;12/01/2024;5889,299;
1,35281E+11;10712;20;106;OKYROE;12/01/2024;12/01/2024;17/01/2024;17/01/2024;60017,179;
1,35945E+11;10711;21;108;TARUCA;12/01/2024;12/01/2024;13/01/2024;13/01/2024;12511,966;
1,3545E+11;10655;22;102;OCEAN ELECTRA;12/01/2024;12/01/2024;13/01/2024;13/01/2024;4911,19;
1,36498E+11;10695;23;99;WEAVER ARROW;12/01/2024;12/01/2024;14/01/2024;14/01/2024;10840;
1,36112E+11;10683;24;101;FEDERAL FRASER;12/01/2024;12/01/2024;17/01/2024;17/01/2024;13820,64;
1,35854E+11;10665;25;104;GW FORTUNE;13/01/2024;13/01/2024;16/01/2024;16/01/2024;14368,831;
1,34393E+11;10606;26;103;TOURLIANI;13/01/2024;13/01/2024;15/01/2024;16/01/2024;14858,82;
1,35357E+11;10649;27;102;MV OCEAN JOY;13/01/2024;13/01/2024;16/01/2024;16/01/2024;10214,61;
1,36494E+11;10694;28;108;ZUMBA;13/01/2024;13/01/2024;16/01/2024;16/01/2024;41257,432;
1,36371E+11;10693;29;99;STAR HERDLA;14/01/2024;14/01/2024;18/01/2024;18/01/2024;42700;
1,34393E+11;10724;30;102;TOURLIANI;16/01/2024;16/01/2024;21/01/2024;21/01/2024;37271,47;
1,36732E+11;10706;31;104;FORTE DE S�O LUIZ;16/01/2024;16/01/2024;18/01/2024;18/01/2024;3011,378;
1,35839E+11;10664;32;108;SCF PROVIDER;17/01/2024;17/01/2024;18/01/2024;18/01/2024;10708,408;
1,35872E+11;10678;33;106;HORIZON THEONI;17/01/2024;17/01/2024;19/01/2024;20/01/2024;32785,795;
1,36131E+11;10686;34;104;PS HAMBURG;18/01/2024;18/01/2024;19/01/2024;20/01/2024;13657,297;
1,3612E+11;10684;35;101;ENDLESS HORIZON;19/01/2024;19/01/2024;21/01/2024;21/01/2024;18062,58;
1,36051E+11;10685;36;108;BOW TRIUMPH;19/01/2024;19/01/2024;20/01/2024;20/01/2024;8152,626;
1,36737E+11;10707;37;99;PELICAN ARROW;19/01/2024;19/01/2024;20/01/2024;20/01/2024;18000;
1,3726E+11;10728;38;103; F LINE;20/01/2024;20/01/2024;24/01/2024;24/01/2024;16503,98;
1,373E+11;10729;39;104;DARCY RIBEIRO;20/01/2024;20/01/2024;21/01/2024;21/01/2024;3386,646;
1,35822E+11;10663;40;106;TORM ASLAUG;20/01/2024;20/01/2024;23/01/2024;24/01/2024;37974,665;
1,36672E+11;10702;41;106B;PS SINGAPORE;20/01/2024;20/01/2024;21/01/2024;21/01/2024;14261,585;
1,35856E+11;10666;42;108;FAIR WONDER;20/01/2024;20/01/2024;22/01/2024;22/01/2024;8251,679;
1,31373E+11;10517;43;100;THE HOLY;20/01/2024;20/01/2024;22/01/2024;23/01/2024;29950,097;
1,36667E+11;10701;44;102;IOANNIS ZAFIRAKIS;21/01/2024;21/01/2024;22/01/2024;22/01/2024;4911,749;
1,36842E+11;10716;45;106B;HORIZON THEANO;21/01/2024;21/01/2024;22/01/2024;22/01/2024;7034,425;
1,35689E+11;10660;46;104;EUROSAILOR;22/01/2024;22/01/2024;24/01/2024;24/01/2024;16422,235;
1,34325E+11;10601;47;101;OMICRON ATLAS;22/01/2024;22/01/2024;23/01/2024;24/01/2024;9783,92;
1,36241E+11;10688;48;108;TORM AGNETE;22/01/2024;23/01/2024;25/01/2024;26/01/2024;24274,151;
1,36656E+11;10699;49;99;FEDERAL DART;23/01/2024;23/01/2024;26/01/2024;27/01/2024;22152,36;
1,36242E+11;10689;50;105;FEDERAL DEE;23/01/2024;23/01/2024;25/01/2024;25/01/2024;22510;
1,35789E+11;10662;51;104;SILVER GERTRUDE;24/01/2024;24/01/2024;26/01/2024;26/01/2024;26471,105;
1,36265E+11;10692;52;106;HAFNIA EXCELSIOR;24/01/2024;24/01/2024;28/01/2024;28/01/2024;60970,665;
1,37308E+11;10730;53;105;FEDERAL SEVERN;25/01/2024;25/01/2024;26/01/2024;26/01/2024;17990;
1,37216E+11;10725;54;103;SAKURA;25/01/2024;25/01/2024;28/01/2024;28/01/2024;11955,64;
1,36798E+11;10709;55;101;VALSAMITIS;25/01/2024;25/01/2024;29/01/2024;29/01/2024;17902,36;
1,36842E+11;10745;56;108;HORIZON THEANO;26/01/2024;26/01/2024;27/01/2024;27/01/2024;15199,891;
1,37404E+11;10732;57;100;SASSY SOFIA;26/01/2024;26/01/2024;27/01/2024;27/01/2024;31482,823;
1,37471E+11;10735;58;104;OSCAR NIEMEYER;26/01/2024;26/01/2024;28/01/2024;28/01/2024;3202,724;
1,37696E+11;10746;59;105;LADY KATERINA;27/01/2024;27/01/2024;29/01/2024;29/01/2024;29574;
1,37094E+11;10720;60;102;SEATTLE HARMONY;27/01/2024;27/01/2024;29/01/2024;30/01/2024;13898,07;
1,36243E+11;10690;61;108;LUCKY SAILOR;27/01/2024;27/01/2024;29/01/2024;29/01/2024;24051,006;
1,37788E+11;10747;62;99;JACAMAR ARROW;28/01/2024;28/01/2024;01/02/2024;01/02/2024;43000;
1,37227E+11;10727;63;106;ALCYONE T;28/01/2024;28/01/2024;30/01/2024;30/01/2024;14913,338;
1,37765E+11;10748;64;104;EUROSAILOR;28/01/2024;28/01/2024;29/01/2024;30/01/2024;10747,904;
1,3706E+11;10718;65;103;STAR TOSCANA;28/01/2024;28/01/2024;01/02/2024;02/02/2024;12154,064;
1,37698E+11;10744;66;108;MT SALSA;29/01/2024;29/01/2024;01/02/2024;01/02/2024;19049,525;
1,37471E+11;10734;67;105;NAVE ORBIT;29/01/2024;29/01/2024;03/02/2024;03/02/2024;34353,336;
1,36663E+11;10700;68;101;LAURA;29/01/2024;30/01/2024;02/02/2024;02/02/2024;25316,48;
1,36713E+11;10703;69;104;STAVANGER POSEIDON;30/01/2024;30/01/2024;01/02/2024;01/02/2024;10549,011;
1,3835E+11;10755;70;106;PACIFIC BLUE;31/01/2024;31/01/2024;01/02/2024;01/02/2024;4746,878;
1,38365E+11;10756;71;102;DARCY RIBEIRO;31/01/2024;31/01/2024;02/02/2024;02/02/2024;3278,069;
1,37697E+11;10743;72;100;YM NAVIGATOR;31/01/2024;31/01/2024;04/02/2024;04/02/2024;71500;
1,37488E+11;10739;73;108;VELOS LEO;01/02/2024;01/02/2024;03/02/2024;03/02/2024;8264,535;
1,36843E+11;10715;74;106;ETERNAL SUNSHINE;01/02/2024;02/02/2024;05/02/2024;05/02/2024;31509,563;
1,37477E+11;10737;75;104;BOW TRIDENT;01/02/2024;02/02/2024;02/02/2024;03/02/2024;6004,622;
1,37101E+11;10721;76;99;KIATING;01/02/2024;01/02/2024;09/02/2024;10/02/2024;36046,65;
1,37319E+11;10731;77;103;SOZON;02/02/2024;03/02/2024;05/02/2024;05/02/2024;27200;
1,37955E+11;10753;78;104;ENDLESS SUMMER;03/02/2024;03/02/2024;04/02/2024;05/02/2024;11967,684;
1,38423E+11;10758;79;108;STAVANGER POSEIDON;03/02/2024;03/02/2024;06/02/2024;07/02/2024;33130,698;
1,38547E+11;10764;80;106;NAVE ORBIT;05/02/2024;05/02/2024;09/02/2024;09/02/2024;37224,258;
1,36018E+11;10682;81;101;CARLA;05/02/2024;05/02/2024;09/02/2024;10/02/2024;49513,2;
1,37093E+11;10719;82;104;STOLT SUN;05/02/2024;05/02/2024;06/02/2024;07/02/2024;6479,282;
1,37471E+11;10736;83;106B;ALHENA;05/02/2024;05/02/2024;06/02/2024;06/02/2024;18613,77;
1,38614E+11;10768;84;100;THE HOLY;06/02/2024;06/02/2024;09/02/2024;09/02/2024;40019,777;
1,38673E+11;10771;85;104;OSCAR NIEMEYER;07/02/2024;07/02/2024;08/02/2024;09/02/2024;3347,545;
1,37657E+11;10742;86;108;SANTIAGO I;07/02/2024;07/02/2024;09/02/2024;09/02/2024;14932,946;
1,3856E+11;10766;87;102;EVO;07/02/2024;07/02/2024;08/02/2024;09/02/2024;4432,07;
1,38697E+11;10776;88;103;DELICATA;08/02/2024;08/02/2024;15/02/2024;15/02/2024;54300;
1,37903E+11;10752;89;105;PRESTIGE DIVA;09/02/2024;09/02/2024;11/02/2024;12/02/2024;70919,861;
1,38617E+11;10769;90;104;MERSEY;09/02/2024;09/02/2024;12/02/2024;12/02/2024;20753,784;
1,37219E+11;10726;91;101;TINA S;10/02/2024;10/02/2024;12/02/2024;12/02/2024;11453,08;
1,38674E+11;10772;92;106;TORM AGNETE;11/02/2024;11/02/2024;12/02/2024;13/02/2024;5748,526;
1,38441E+11;10760;93;108;FPMC 34;11/02/2024;11/02/2024;14/02/2024;15/02/2024;23270,411;
1,38557E+11;10765;94;105;STAR SAPPHIRE;12/02/2024;12/02/2024;15/02/2024;15/02/2024;70399,689;
1,36776E+11;10708;95;100;CAPE RACE;12/02/2024;12/02/2024;16/02/2024;17/02/2024;67984,675;
1,38618E+11;10770;96;106;DALLAS;13/02/2024;13/02/2024;14/02/2024;15/02/2024;13007,07;
1,38882E+11;10780;97;104;DARCY RIBEIRO;13/02/2024;13/02/2024;15/02/2024;15/02/2024;3279,733;
1,36718E+11;10705;98;99;RED FIN;13/02/2024;14/02/2024;17/02/2024;17/02/2024;20077,41;
1,385E+11;10761;101;108;DEE4 MAHOGANY;15/02/2024;15/02/2024;17/02/2024;17/02/2024;11062,23;
1,38968E+11;10786;100;105;POAVOSA WISDOM VIII;15/02/2024;15/02/2024;15/02/2024;15/02/2024;39;
1,33242E+11;10576;101;103;ORIENT PEONY;15/02/2024;15/02/2024;18/02/2024;18/02/2024;70764,982;
1,37172E+11;10723;102;101;LILA NOLA;15/02/2024;15/02/2024;18/02/2024;18/02/2024;21808,15;
1,3788E+11;10750;103;105;ATHINA ZAFIRAKIS;15/02/2024;15/02/2024;18/02/2024;18/02/2024;69053,11;
1,38882E+11;10779;104;106;SILVER GERTRUDE;16/02/2024;16/02/2024;19/02/2024;19/02/2024;18826,181;
1,38431E+11;10759;105;102;DISCOVERY BAY;17/02/2024;17/02/2024;28/02/2024;29/02/2024;47856;
1,37884E+11;10751;106;100;AURORA BOREALIS;17/02/2024;17/02/2024;22/02/2024;23/02/2024;69312,984;
1,37591E+11;10741;107;99;LARCH ARROW;17/02/2024;17/02/2024;23/02/2024;23/02/2024;22700;
1,38968E+11;10797;108;105;POAVOSA WISDOM VIII;18/02/2024;18/02/2024;19/02/2024;19/02/2024;16766;
1,38883E+11;10782;109;104;PS HAMBURG;18/02/2024;18/02/2024;21/02/2024;21/02/2024;27071,149;
1,38384E+11;10757;110;106;SPARTO;19/02/2024;19/02/2024;24/02/2024;24/02/2024;84814,038;
1,38882E+11;10781;111;108;CELSO FURTADO;19/02/2024;20/02/2024;21/02/2024;21/02/2024;16465,53;
1,38054E+11;10754;112;105;EVA;20/02/2024;20/02/2024;23/02/2024;24/02/2024;68543;
1,3856E+11;10767;113;103;LORD BYRON;20/02/2024;20/02/2024;01/03/2024;01/03/2024;34494,12;
1,39183E+11;10790;114;104;LUCIO COSTA;21/02/2024;21/02/2024;23/02/2024;23/02/2024;3374,534;
1,39313E+11;10798;115;108;DALLAS;21/02/2024;22/02/2024;22/02/2024;23/02/2024;20738,275;
1,39182E+11;10789;116;101;LIVADI;22/02/2024;22/02/2024;03/03/2024;03/03/2024;30562,19;
1,38697E+11;10775;117;100;YM COMPASS;23/02/2024;23/02/2024;26/02/2024;26/02/2024;70479,051;
1,39264E+11;10795;118;104;MAERSK MALAGA;23/02/2024;23/02/2024;23/02/2024;24/02/2024;3995,712;
1,38858E+11;10777;119;108;TORM SUBLIME;23/02/2024;23/02/2024;24/02/2024;25/02/2024;12615,147;
1,38884E+11;10783;120;105;MENELAOS;24/02/2024;24/02/2024;28/02/2024;28/02/2024;54041;
1,39578E+11;10820;121;104;FLUMAR BRASIL;24/02/2024;24/02/2024;27/02/2024;27/02/2024;23601,478;
1,39864E+11;10837;122;106;TORM DENISE;24/02/2024;25/02/2024;28/02/2024;29/02/2024;35388,285;
1,38694E+11;10774;123;99;INOI;25/02/2024;25/02/2024;01/03/2024;01/03/2024;16170,02;
1,37807E+11;10749;124;100;TAHO AMERICA;26/02/2024;26/02/2024;01/03/2024;01/03/2024;68433;
1,39235E+11;10792;125;108;TORM DAGMAR;27/02/2024;27/02/2024;03/03/2024;03/03/2024;21727,551;
1,39763E+11;10834;126;104;DARCY RIBEIRO;27/02/2024;27/02/2024;29/02/2024;29/02/2024;3538,095;
1,39177E+11;10788;127;106;ELLORA;29/02/2024;29/02/2024;01/03/2024;01/03/2024;16527,903;
1,39577E+11;10818;128;104;EVO;29/02/2024;29/02/2024;01/03/2024;01/03/2024;8302,128;
1,38694E+11;10855;129;102;INOI;01/03/2024;01/03/2024;04/03/2024;04/03/2024;13845,17;
1,39515E+11;10817;130;99;TANCHOU ARROW;01/03/2024;01/03/2024;07/03/2024;08/03/2024;67844;
1,39514E+11;10822;131;105;FEDERAL ISLAND;01/03/2024;01/03/2024;04/03/2024;04/03/2024;50040;
1,38953E+11;10785;132;103;ASTREA;01/03/2024;01/03/2024;05/03/2024;05/03/2024;68718,874;
1,39005E+11;10787;133;100;BRIGHT WIND;01/03/2024;01/03/2024;04/03/2024;04/03/2024;70314,32;
1,40307E+11;10847;134;104;LUCIO COSTA;01/03/2024;02/03/2024;02/03/2024;03/03/2024;2325,1;
1,38384E+11;10840;135;106;SPARTO;01/03/2024;02/03/2024;03/03/2024;04/03/2024;18167,37;
1,39625E+11;10823;136;108;PACIFIC ZIRCON;03/03/2024;03/03/2024;05/03/2024;06/03/2024;34842,732;
1,4019E+11;10841;137;104;JOROPO;03/03/2024;03/03/2024;05/03/2024;06/03/2024;24862,235;
1,38872E+11;10778;138;100;KYNOURIA;04/03/2024;04/03/2024;06/03/2024;07/03/2024;69300,438;
1,39346E+11;10800;139;105;SAMOA;04/03/2024;04/03/2024;05/03/2024;06/03/2024;65756,067;
1,40191E+11;10842;140;106;MT SALSA;05/03/2024;05/03/2024;07/03/2024;07/03/2024;18248,846;
1,40307E+11;10859;141;102;LUCIO COSTA;05/03/2024;06/03/2024;06/03/2024;06/03/2024;961,515;
1,39346E+11;10801;142;103;YANGZE 36;05/03/2024;05/03/2024;09/03/2024;10/03/2024;70035,072;
1,39228E+11;10791;143;105;HONG YUAN;06/03/2024;06/03/2024;08/03/2024;08/03/2024;64095,802;
1,40308E+11;10848;144;104;EDEN;06/03/2024;06/03/2024;07/03/2024;08/03/2024;18331,994;
1,40308E+11;10849;145;102;OCEAN VENTURE;06/03/2024;06/03/2024;07/03/2024;07/03/2024;4971,655;
1,39761E+11;10832;146;100;BBG SINGAPORE;07/03/2024;07/03/2024;11/03/2024;11/03/2024;70400;
1,39646E+11;10825;147;106;HAFNIA TRITON;07/03/2024;08/03/2024;12/03/2024;12/03/2024;101768,372;
1,38693E+11;10773;148;105;NAVIOS AMBER;08/03/2024;08/03/2024;10/03/2024;11/03/2024;68800;
1,40411E+11;10854;149;104;PACIFIC BLUE;08/03/2024;08/03/2024;09/03/2024;10/03/2024;37499,367;
1,39704E+11;10828;150;108;SOLAR TINE;08/03/2024;09/03/2024;11/03/2024;11/03/2024;12399,813;
1,38538E+11;10762;151;102;IMABARI LOGGER;09/03/2024;09/03/2024;14/03/2024;15/03/2024;33024,64;
1,40614E+11;10858;152;104;ROMULO ALMEIDA;10/03/2024;10/03/2024;10/03/2024;11/03/2024;14868,132;
1,4018E+11;10839;153;103;JI XIAN FENG;10/03/2024;10/03/2024;13/03/2024;13/03/2024;61600;
1,39748E+11;10869;154;100;IVESTOS 4;11/03/2024;11/03/2024;14/03/2024;14/03/2024;65794,878;
1,40739E+11;10866;155;104;DARCY RIBEIRO;11/03/2024;11/03/2024;13/03/2024;13/03/2024;3276,248;
1,40308E+11;10850;156;99;ARBORELLA;11/03/2024;11/03/2024;16/03/2024;17/03/2024;50000;
1,39642E+11;10824;157;108;TORM AGNETE;11/03/2024;12/03/2024;13/03/2024;13/03/2024;13336,351;
1,39861E+11;10836;158;101;DEVBULK ALARA;12/03/2024;12/03/2024;16/03/2024;16/03/2024;19079,4;
1,3966E+11;10826;159;105;IOLCOS LEGACY;12/03/2024;13/03/2024;15/03/2024;15/03/2024;71356,571;
1,39718E+11;10831;160;106;SOLAR CHERYL;12/03/2024;13/03/2024;14/03/2024;14/03/2024;10370,576;
1,39579E+11;10870;161;103;NORD PENGUIN;13/03/2024;13/03/2024;16/03/2024;17/03/2024;70231,89;
1,40505E+11;10856;162;104;NAVE ATRIA;13/03/2024;14/03/2024;16/03/2024;16/03/2024;29636,07;
1,40546E+11;10857;163;108;SILVER GERTRUDE;13/03/2024;14/03/2024;17/03/2024;18/03/2024;19665,581;
1,39246E+11;10794;164;100;SENECA;14/03/2024;14/03/2024;18/03/2024;18/03/2024;72600;
1,40711E+11;10860;165;106;SERGIO BUARQUE DE HOLANDA;14/03/2024;15/03/2024;16/03/2024;16/03/2024;11812,677;
1,39762E+11;10833;166;105;NAVIOS STAR;15/03/2024;15/03/2024;20/03/2024;20/03/2024;78650;
1,40338E+11;10852;167;102;SEREN;15/03/2024;15/03/2024;19/03/2024;19/03/2024;6999,874;
1,40903E+11;10884;168;104;LUCIO COSTA;16/03/2024;16/03/2024;18/03/2024;18/03/2024;3290,215;
1,3971E+11;10830;169;101;ELLIREA;16/03/2024;16/03/2024;21/03/2024;21/03/2024;29987,18;
1,39709E+11;10829;170;106;STI LOBELIA;16/03/2024;17/03/2024;22/03/2024;22/03/2024;103876,98;
1,40712E+11;10862;171;103;MYRA;17/03/2024;17/03/2024;21/03/2024;21/03/2024;68502,253;
1,40309E+11;10851;172;99;TENCA ARROW;17/03/2024;17/03/2024;21/03/2024;21/03/2024;14929,912;
1,40756E+11;10873;173;106B;TWEED;17/03/2024;17/03/2024;18/03/2024;19/03/2024;26970,523;
1,40905E+11;10885;174;104;EDEN;18/03/2024;18/03/2024;19/03/2024;19/03/2024;24934,213;
1,4073E+11;10865;175;100;NOVA CAELI;18/03/2024;18/03/2024;20/03/2024;21/03/2024;68558,049;
1,40505E+11;10894;176;106B;NAVE ATRIA;19/03/2024;20/03/2024;20/03/2024;21/03/2024;24823,155;
1,40765E+11;10880;177;104;OCEAN VENTURE;20/03/2024;20/03/2024;20/03/2024;20/03/2024;4483,268;
1,39593E+11;10821;178;105;GOLDEN FORTUNE;20/03/2024;20/03/2024;22/03/2024;23/03/2024;69300;
1,40711E+11;10895;179;104;SERGIO BUARQUE DE HOLANDA;21/03/2024;21/03/2024;24/03/2024;24/03/2024;29161,401;
1,40765E+11;10879;180;103;ULTRA ALPHA;21/03/2024;21/03/2024;24/03/2024;24/03/2024;56678,622;
1,40764E+11;10874;181;99;ARACARI ARROW;21/03/2024;21/03/2024;23/03/2024;24/03/2024;18000;
1,40301E+11;10845;182;100;PEDHOULAS ROSE;21/03/2024;21/03/2024;24/03/2024;24/03/2024;69300;
1,41221E+11;10897;183;102;FORTE DE COPACABANA;22/03/2024;22/03/2024;23/03/2024;23/03/2024;3469,965;
1,40756E+11;10904;184;106;TWEED;22/03/2024;22/03/2024;25/03/2024;25/03/2024;26900,202;
1,40766E+11;10882;185;105;ISABELA ISLAND;23/03/2024;23/03/2024;26/03/2024;26/03/2024;35406;
1,40214E+11;10843;186;101;BASIC PRINCESS;23/03/2024;23/03/2024;24/03/2024;24/03/2024;7350,78;
1,4102E+11;10887;187;108;BANTRY BAY;23/03/2024;24/03/2024;27/03/2024;27/03/2024;22117,066;
1,40285E+11;10844;188;99;SAGA FRONTIER;24/03/2024;24/03/2024;26/03/2024;26/03/2024;19622;
1,40765E+11;10876;189;100;MEDI PALMAROLA;24/03/2024;24/03/2024;28/03/2024;28/03/2024;70877,684;
1,40765E+11;10877;190;103;IVESTOS 6;24/03/2024;24/03/2024;28/03/2024;28/03/2024;66486,29;
1,41221E+11;10898;191;104;PS SINGAPORE;25/03/2024;25/03/2024;28/03/2024;28/03/2024;33894,48;
1,40888E+11;10883;192;106;BOW GEMINI;26/03/2024;26/03/2024;28/03/2024;28/03/2024;9592,764;
1,40374E+11;10853;193;105;IONIC PATRIS;26/03/2024;26/03/2024;28/03/2024;28/03/2024;72600;
1,41266E+11;10905;194;99;DELICATA;26/03/2024;26/03/2024;28/03/2024;28/03/2024;15000;
1,40755E+11;10878;195;101;OMORFI;27/03/2024;27/03/2024;30/03/2024;30/03/2024;24828,9;
1,40912E+11;10886;196;102;FOUR RIGOLETTO;28/03/2024;28/03/2024;30/03/2024;30/03/2024;10121,16;
1,40765E+11;10881;197;103;AOM SOPHIE II;28/03/2024;28/03/2024;31/03/2024;31/03/2024;67739,909;
1,40711E+11;10861;198;100;MARIETTA;28/03/2024;28/03/2024;01/04/2024;01/04/2024;64304,637;
1,41167E+11;10893;199;105;COMMON LUCK;28/03/2024;28/03/2024;01/04/2024;01/04/2024;38998,064;
1,41339E+11;10922;200;104;BARBOSA LIMA SOBRINHO;29/03/2024;29/03/2024;30/03/2024;31/03/2024;3293,702;
1,41144E+11;10889;201;106;BOND;29/03/2024;29/03/2024;30/03/2024;31/03/2024;5960,656;
1,4134E+11;10920;202;106;MAERSK TAMPA;31/03/2024;31/03/2024;05/04/2024;05/04/2024;35568,665;
1,40108E+11;10838;203;108;CHAI;31/03/2024;01/04/2024;03/04/2024;04/04/2024;9239,288;
1,4133E+11;10929;204;104;ARCTOS;31/03/2024;31/03/2024;03/04/2024;03/04/2024;20408,174;
1,4075E+11;10867;205;103;ANDROS;31/03/2024;31/03/2024;04/04/2024;04/04/2024;70927,118;
1,41154E+11;10891;206;100;GOLDEN SOUL;01/04/2024;01/04/2024;03/04/2024;03/04/2024;65598,79;
1,41278E+11;10910;207;105;VINDONISSA;02/04/2024;02/04/2024;04/04/2024;04/04/2024;52268,195;
1,41287E+11;10915;208;99;EAGLE ARROW;03/04/2024;03/04/2024;10/04/2024;11/04/2024;59000;
1,41266E+11;10906;209;102;GLOBAL FANFARE;03/04/2024;03/04/2024;09/04/2024;09/04/2024;45067,93;
1,41339E+11;10923;210;104;LUCIO COSTA;03/04/2024;03/04/2024;05/04/2024;05/04/2024;2384,431;
1,40755E+11;10872;211;100;AQUAVITA SOL;03/04/2024;04/04/2024;05/04/2024;05/04/2024;67717,071;
1,41213E+11;10896;212;101;IONIC STORM;04/04/2024;04/04/2024;06/04/2024;07/04/2024;21355,75;
1,40764E+11;10875;213;105;KYDONIA;04/04/2024;04/04/2024;06/04/2024;06/04/2024;79800,002;
1,41224E+11;10900;214;103;MIA LR;04/04/2024;04/04/2024;06/04/2024;06/04/2024;70321,539;
1,41145E+11;10890;215;108;SILVERLIGHT;05/04/2024;05/04/2024;06/04/2024;06/04/2024;9880,28;
1,41302E+11;10916;216;104;SILVER GERTRUDE;05/04/2024;05/04/2024;08/04/2024;08/04/2024;19328,856;
1,40108E+11;10953;217;106;CHAI;05/04/2024;06/04/2024;08/04/2024;09/04/2024;15405,675;
1,40724E+11;10864;218;100;BBG BEIHAI;06/04/2024;06/04/2024;08/04/2024;09/04/2024;69176,258;
1,41167E+11;10940;219;105;COMMON LUCK;06/04/2024;06/04/2024;07/04/2024;07/04/2024;8144;
1,41035E+11;10888;220;103;ANASTASIA K;06/04/2024;06/04/2024;10/04/2024;10/04/2024;71500;
1,41223E+11;10899;221;101;YANGZE 6;07/04/2024;07/04/2024;14/04/2024;14/04/2024;45975,7;
1,41279E+11;10913;222;105;STAR EMILY;07/04/2024;07/04/2024;09/04/2024;10/04/2024;66784,358;
1,4136E+11;10930;223;104;MAERSK MALAGA;08/04/2024;08/04/2024;09/04/2024;09/04/2024;5004,917;
1,41343E+11;10927;224;100;BLACK PEARL;09/04/2024;09/04/2024;11/04/2024;12/04/2024;67800;
1,41389E+11;10934;225;108;SERGIO BUARQUE DE HOLANDA;09/04/2024;09/04/2024;10/04/2024;10/04/2024;14176,104;
1,41248E+11;10901;226;106;FRONT COUGAR;09/04/2024;09/04/2024;15/04/2024;15/04/2024;101599,602;
1,4162E+11;10948;227;104;BARBOSA LIMA SOBRINHO;09/04/2024;09/04/2024;11/04/2024;11/04/2024;3556,148;
1,41347E+11;10924;228;102;TOMINI LEVANT;09/04/2024;09/04/2024;12/04/2024;13/04/2024;14963,12;
1,41336E+11;10919;229;105;SANTA MARIA;10/04/2024;10/04/2024;13/04/2024;13/04/2024;52750;
1,41348E+11;10925;230;103;ICARUS;10/04/2024;10/04/2024;14/04/2024;14/04/2024;64018,967;
1,41621E+11;10949;231;108;JOSE ALENCAR;10/04/2024;11/04/2024;14/04/2024;15/04/2024;32500,781;
1,41278E+11;10909;232;99;MYKONOS BAY;11/04/2024;11/04/2024;17/04/2024;17/04/2024;20159,99;
1,41352E+11;10928;233;104;MT SALSA;11/04/2024;11/04/2024;13/04/2024;13/04/2024;26404,571;
1,41268E+11;10908;234;100;YM RESPECT;12/04/2024;12/04/2024;15/04/2024;15/04/2024;71500;
1,41383E+11;10933;235;102;GLEN GRANT;13/04/2024;13/04/2024;17/04/2024;17/04/2024;6830,708;
1,41366E+11;10932;236;105;DESERT PIONEER;13/04/2024;13/04/2024;16/04/2024;16/04/2024;56234,33;
1,41804E+11;10957;237;104;PS SINGAPORE;13/04/2024;13/04/2024;15/04/2024;15/04/2024;14762,713;
1,41352E+11;10926;238;103;GALATEIA;14/04/2024;14/04/2024;17/04/2024;17/04/2024;68415,694;
1,40214E+11;10917;239;101;BASIC PRINCESS;14/04/2024;14/04/2024;16/04/2024;16/04/2024;11006,52;
1,41364E+11;10931;240;108;HORIZON EKAVI;15/04/2024;15/04/2024;18/04/2024;19/04/2024;23373,069;
1,42344E+11;10969;241;104;OSCAR NIEMEYER;15/04/2024;15/04/2024;16/04/2024;17/04/2024;3571,652;
1,41279E+11;10914;242;100;STERLING SAGA;16/04/2024;16/04/2024;18/04/2024;18/04/2024;65710,821;
1,42057E+11;10963;243;105;TS CHALLENGE;16/04/2024;16/04/2024;17/04/2024;17/04/2024;15374;
1,41165E+11;10892;244;101;GENCO VIGILANT;16/04/2024;17/04/2024;21/04/2024;21/04/2024;25322,92;
1,42043E+11;10960;245;99;CITRIODORA;17/04/2024;17/04/2024;19/04/2024;19/04/2024;21000;
1,41572E+11;10946;246;104;CUMBIA 1;17/04/2024;17/04/2024;17/04/2024;18/04/2024;2970,485;
1,41278E+11;10911;247;103;BESKIDY;17/04/2024;17/04/2024;20/04/2024;21/04/2024;70660,83;
1,41407E+11;10935;248;102;GEORGIOS P;17/04/2024;17/04/2024;28/04/2024;28/04/2024;50432,37;
1,42042E+11;10959;249;106;CLEAN JUSTICE;17/04/2024;18/04/2024;19/04/2024;20/04/2024;20182,411;
1,42061E+11;10962;250;105;BASIC VICTORY;17/04/2024;18/04/2024;20/04/2024;20/04/2024;71490;
1,41549E+11;10939;251;100;CL ZHENJIANG;18/04/2024;18/04/2024;21/04/2024;21/04/2024;70538,318;
1,41666E+11;10952;252;99;STAR HIDRA;20/04/2024;20/04/2024;21/04/2024;22/04/2024;18884;
1,41537E+11;10982;253;104;BG AGNES;20/04/2024;20/04/2024;22/04/2024;22/04/2024;14935,781;
1,41559E+11;10942;254;108;BOW AGATHE;20/04/2024;20/04/2024;21/04/2024;21/04/2024;8551,891;
1,42266E+11;10966;255;105;CAPRICORN TRADER;20/04/2024;20/04/2024;22/04/2024;23/04/2024;70904,218;
1,42042E+11;10958;256;106;LARA II;21/04/2024;21/04/2024;25/04/2024;25/04/2024;28477,094;
1,41661E+11;10951;257;103;CAPELLA;21/04/2024;21/04/2024;23/04/2024;24/04/2024;69300;
1,41579E+11;10947;258;100;BALTIC HORNET;21/04/2024;21/04/2024;24/04/2024;24/04/2024;57093,764;
1,42627E+11;10984;259;108;SERGIO BUARQUE DE HOLANDA;21/04/2024;21/04/2024;23/04/2024;23/04/2024;12841,651;
1,41795E+11;10955;260;99;ARBORELLA;22/04/2024;22/04/2024;28/04/2024;28/04/2024;50500;
1,41565E+11;10943;261;101;LMZ ARIEL;22/04/2024;22/04/2024;24/04/2024;24/04/2024;15007,7;
1,42764E+11;10995;262;104;LEONARDO B;23/04/2024;23/04/2024;24/04/2024;24/04/2024;3246,768;
1,42457E+11;10975;263;105;MAXWELL;23/04/2024;23/04/2024;25/04/2024;26/04/2024;71627;
1,42545E+11;10981;264;108;HONESTY;23/04/2024;23/04/2024;25/04/2024;25/04/2024;30675,939;
1,41411E+11;10936;265;103;AQUALEO;24/04/2024;24/04/2024;26/04/2024;27/04/2024;57495,13;
1,418E+11;10956;266;101;WESTERN BOHEME;24/04/2024;24/04/2024;28/04/2024;28/04/2024;18839,45;
1,4155E+11;10941;267;100;BASIC GLORY;24/04/2024;24/04/2024;27/04/2024;27/04/2024;69299,95;
1,4263E+11;10985;268;104;MAERSK TAMPA;24/04/2024;25/04/2024;27/04/2024;27/04/2024;31383,106;
1,42339E+11;10968;269;106;TORM MAREN;25/04/2024;25/04/2024;29/04/2024;29/04/2024;95663,977;
1,42054E+11;10961;270;108;UOG SYROS;25/04/2024;26/04/2024;29/04/2024;29/04/2024;21376,538;
1,42507E+11;10976;271;105;FEDERAL FRONTIER;26/04/2024;26/04/2024;27/04/2024;27/04/2024;10462;
1,41535E+11;10937;272;103;LYRIC SUN;27/04/2024;27/04/2024;29/04/2024;30/04/2024;68663,079;
1,42759E+11;10994;273;104;ARCTOS;27/04/2024;27/04/2024;28/04/2024;29/04/2024;41587,688;
1,41775E+11;10954;274;100;SPRING SNOW;27/04/2024;27/04/2024;30/04/2024;01/05/2024;66213,953;
1,4269E+11;10992;275;105;LEMAN TRADER;28/04/2024;28/04/2024;01/05/2024;01/05/2024;69086,226;
1,41267E+11;10907;276;102;INDIGO LAKE;28/04/2024;28/04/2024;05/05/2024;06/05/2024;36053,94;
1,41343E+11;10921;277;101;TITANAS;28/04/2024;28/04/2024;04/05/2024;04/05/2024;41916,31;
1,42507E+11;10977;278;108;SILVER GERTRUDE;29/04/2024;29/04/2024;02/05/2024;03/05/2024;23536,735;
1,42948E+11;10996;279;104;OSCAR NIEMEYER;29/04/2024;29/04/2024;01/05/2024;01/05/2024;3273,699;
1,42478E+11;10978;280;106;TWEED;30/04/2024;30/04/2024;05/05/2024;05/05/2024;29371,87;
1,42681E+11;10988;281;103;AGIA SOFIA I;30/04/2024;30/04/2024;03/05/2024;03/05/2024;70205,552;
1,42663E+11;10986;282;105;NAVIOS SKY;01/05/2024;01/05/2024;03/05/2024;03/05/2024;70659,554;
1,42456E+11;10973;283;100;CL MONA;01/05/2024;01/05/2024;04/05/2024;04/05/2024;72765;
1,41566E+11;10944;284;99;AMIS ELEGANCE;01/05/2024;01/05/2024;08/05/2024;08/05/2024;48323,76;
1,42118E+11;10964;285;104;MTM NORTH SOUND;01/05/2024;01/05/2024;01/05/2024;02/05/2024;786,644;
1,43029E+11;11002;286;104;HORIZON ARMONIA;02/05/2024;02/05/2024;03/05/2024;04/05/2024;2941,517;
1,42759E+11;11011;287;108;ARCTOS;03/05/2024;03/05/2024;04/05/2024;04/05/2024;24245,182;
1,42402E+11;10971;288;103;CL DAYANG HE;03/05/2024;03/05/2024;06/05/2024;06/05/2024;68867;
1,42685E+11;10990;289;104;HORIZON APHRODITE;04/05/2024;04/05/2024;07/05/2024;08/05/2024;37100,607;
1,43019E+11;10999;290;100;PANORAMA;04/05/2024;04/05/2024;06/05/2024;07/05/2024;66150;
1,42281E+11;10967;291;101;FILIA;04/05/2024;04/05/2024;09/05/2024;10/05/2024;42254,17;
1,43158E+11;11005;292;105;NORD ARIES;04/05/2024;05/05/2024;07/05/2024;07/05/2024;70810,583;
1,43328E+11;11015;293;106;MERSEY;05/05/2024;05/05/2024;07/05/2024;08/05/2024;27206,631;
1,41536E+11;10938;294;102;DOMINATOR;06/05/2024;06/05/2024;15/05/2024;15/05/2024;49286,06;
1,42258E+11;10965;295;103;STAR VOYAGER;06/05/2024;06/05/2024;08/05/2024;08/05/2024;70332,124;
1,42687E+11;10991;296;100;CHAILEASE VIRTUE;07/05/2024;07/05/2024;09/05/2024;09/05/2024;69200;
1,42507E+11;11009;297;105;FEDERAL FRONTIER;07/05/2024;07/05/2024;09/05/2024;09/05/2024;22530;
1,43698E+11;11025;298;104;EPIC BEATA;08/05/2024;08/05/2024;10/05/2024;10/05/2024;3442,58;
1,43269E+11;11010;299;103;PUMA MAX;08/05/2024;08/05/2024;13/05/2024;13/05/2024;70349,993;
1,43179E+11;11007;300;99;TENCA ARROW;08/05/2024;08/05/2024;15/05/2024;15/05/2024;64000;
1,42758E+11;10993;301;100;SCARLET EAGLE;09/05/2024;09/05/2024;12/05/2024;13/05/2024;70200;
1,43389E+11;11018;302;105;KOULITSA 2;09/05/2024;09/05/2024;12/05/2024;12/05/2024;67442,024;
1,4408E+11;11040;303;106;VELOS LEO;09/05/2024;10/05/2024;12/05/2024;12/05/2024;32720,208;
1,41638E+11;10950;304;101;BERNIS;10/05/2024;10/05/2024;13/05/2024;13/05/2024;13149,16;
1,43178E+11;11006;305;104;BG AGNES;10/05/2024;10/05/2024;12/05/2024;12/05/2024;14805,863;
1,4411E+11;11043;306;108;PACIFIC ZIRCON;10/05/2024;10/05/2024;12/05/2024;12/05/2024;17546,595;
1,43703E+11;11027;307;106;ELANDRA REDWOOD;12/05/2024;12/05/2024;14/05/2024;15/05/2024;23114,73;
1,43313E+11;11012;308;105;NONAKI;12/05/2024;12/05/2024;14/05/2024;14/05/2024;52891,816;
1,43328E+11;11050;309;108;MERSEY;12/05/2024;13/05/2024;14/05/2024;14/05/2024;20291,916;
1,4296E+11;10997;310;100;LADY ANNE;13/05/2024;13/05/2024;16/05/2024;16/05/2024;69850;
1,44207E+11;11049;311;104;DARCY RIBEIRO;13/05/2024;13/05/2024;13/05/2024;13/05/2024;1535,326;
1,43086E+11;11003;312;103;DIAMOND GLOBE;13/05/2024;13/05/2024;16/05/2024;16/05/2024;70800,558;
1,41279E+11;10912;313;101;LUCA;13/05/2024;13/05/2024;16/05/2024;16/05/2024;20004,81;
1,44445E+11;11059;314;104;PS SINGAPORE;14/05/2024;14/05/2024;14/05/2024;15/05/2024;11694,426;
1,43218E+11;11008;315;105;OCEAN TIDE;14/05/2024;14/05/2024;16/05/2024;16/05/2024;69552,476;
1,43696E+11;11024;316;108;HORIZON EKAVI;15/05/2024;15/05/2024;17/05/2024;17/05/2024;14247,028;
1,44109E+11;11041;317;106;CLARITY;15/05/2024;15/05/2024;16/05/2024;16/05/2024;9173,239;
1,44207E+11;11066;318;104;DARCY RIBEIRO;15/05/2024;15/05/2024;15/05/2024;16/05/2024;2031,003;
1,4302E+11;11000;319;99;DEVBULK SERVET;15/05/2024;15/05/2024;19/05/2024;20/05/2024;20505,53;
1,43387E+11;11022;320;102;CLYDE;15/05/2024;16/05/2024;16/05/2024;16/05/2024;3985,486;
1,42515E+11;10979;321;100;DARYA DEVI;16/05/2024;16/05/2024;18/05/2024;18/05/2024;69688,645;
1,43115E+11;11004;322;106;ATHINA;16/05/2024;17/05/2024;19/05/2024;20/05/2024;33094,691;
1,43369E+11;11017;323;105;KIATING;16/05/2024;17/05/2024;18/05/2024;18/05/2024;20014;
1,43368E+11;11016;324;103;GEORGIOS P;16/05/2024;17/05/2024;19/05/2024;19/05/2024;53150,239;
1,42529E+11;10980;325;101;FEDERAL FRANKLIN;16/05/2024;17/05/2024;18/05/2024;18/05/2024;12002,3;
1,44109E+11;11042;326;104;PINE MEADOW;16/05/2024;17/05/2024;17/05/2024;18/05/2024;9127,913;
1,43724E+11;11028;327;102;GREENTEC;16/05/2024;17/05/2024;19/05/2024;19/05/2024;10495,91;
1,44363E+11;11055;328;101;KAVO AETOS;18/05/2024;18/05/2024;22/05/2024;22/05/2024;20105,67;
1,43391E+11;11019;329;100;DRAFTZILLA;19/05/2024;19/05/2024;20/05/2024;21/05/2024;60250,157;
1,44663E+11;11065;330;108;SOLAR LAI FONG;19/05/2024;19/05/2024;19/05/2024;19/05/2024;797,733;
1,43015E+11;10998;331;103;APOLLON.;19/05/2024;19/05/2024;21/05/2024;21/05/2024;66650;
1,39578E+11;10819;332;102;FLORA SCHULTE;19/05/2024;19/05/2024;25/05/2024;25/05/2024;37390,78;
1,44293E+11;11052;333;105;THUNDER ISLAND;20/05/2024;20/05/2024;21/05/2024;22/05/2024;67107,393;
1,43603E+11;11023;334;100;AQUAGRACE;21/05/2024;21/05/2024;22/05/2024;23/05/2024;69907,466;
1,44781E+11;11072;335;108;ENDLESS SUMMER;21/05/2024;21/05/2024;23/05/2024;23/05/2024;21318,622;
1,42347E+11;10970;336;103;ZEA SERVANT;21/05/2024;22/05/2024;22/05/2024;22/05/2024;233,36;
1,44967E+11;11084;337;106;HORIZON ARMONIA;22/05/2024;22/05/2024;25/05/2024;25/05/2024;19431,927;
1,45185E+11;11100;338;105;IOLE R;22/05/2024;22/05/2024;23/05/2024;24/05/2024;70765,009;
1,44835E+11;11077;339;104;KAMILLA KOSAN;22/05/2024;22/05/2024;23/05/2024;24/05/2024;3150,829;
1,43315E+11;11013;340;103;AOM BIANCA;23/05/2024;23/05/2024;25/05/2024;25/05/2024;69929;
1,44636E+11;11061;341;100;TING MAY;23/05/2024;23/05/2024;25/05/2024;26/05/2024;72600;
1,44781E+11;11073;342;108;DALLAS;23/05/2024;23/05/2024;26/05/2024;26/05/2024;35105,793;
1,44293E+11;11112;343;105;THUNDER ISLAND;24/05/2024;24/05/2024;24/05/2024;24/05/2024;227,607;
1,44178E+11;11046;344;104;BOW AGATHE;24/05/2024;24/05/2024;25/05/2024;25/05/2024;6395,865;
1,44771E+11;11069;345;105;MV OCEAN JOY;24/05/2024;24/05/2024;25/05/2024;26/05/2024;21245;
1,44835E+11;11114;346;104;KAMILLA KOSAN;25/05/2024;25/05/2024;26/05/2024;26/05/2024;1687,775;
1,43701E+11;11026;347;103;ORANGE FRIENDSHIP;25/05/2024;25/05/2024;27/05/2024;28/05/2024;71025,695;
1,4411E+11;11044;348;106;DALMACIJA;25/05/2024;26/05/2024;28/05/2024;28/05/2024;21336,159;
1,44719E+11;11067;349;105;ETG UBUNTU;26/05/2024;26/05/2024;27/05/2024;28/05/2024;59077,636;
1,44109E+11;11075;350;100;SIDARI;26/05/2024;26/05/2024;28/05/2024;28/05/2024;65529,468;
1,44781E+11;11071;351;104;OCEAN VENTURE;26/05/2024;26/05/2024;27/05/2024;27/05/2024;5805,149;
1,45549E+11;11113;352;108;BG AGNES;26/05/2024;27/05/2024;28/05/2024;28/05/2024;12669,635;
1,44806E+11;11076;353;99;CITRIODORA;27/05/2024;27/05/2024;31/05/2024;31/05/2024;49700;
1,45238E+11;11103;354;102;COREBEST OL;27/05/2024;27/05/2024;29/05/2024;29/05/2024;8912,02;
1,44866E+11;11079;355;105;LUCA;28/05/2024;28/05/2024;29/05/2024;29/05/2024;55051,189;
1,44721E+11;11068;356;103;MARY GORGIAS;28/05/2024;28/05/2024;30/05/2024;30/05/2024;65530,725;
1,45604E+11;11124;357;104;VOULA;28/05/2024;28/05/2024;29/05/2024;29/05/2024;9345,83;
1,44116E+11;11045;358;100;EVA;28/05/2024;28/05/2024;30/05/2024;30/05/2024;70206,694;
1,44965E+11;11082;359;108;BOW HECTOR;29/05/2024;29/05/2024;30/05/2024;30/05/2024;6910,889;
1,44971E+11;11085;360;106;BEKS AQUA;29/05/2024;29/05/2024;30/05/2024;30/05/2024;6183,749;
1,43026E+11;11001;361;101;ZINA;29/05/2024;29/05/2024;30/05/2024;30/05/2024;6613,6;
1,44966E+11;11083;362;105;GOLD DUST;29/05/2024;29/05/2024;31/05/2024;31/05/2024;24368;
1,45593E+11;11120;363;104;DARCY RIBEIRO;29/05/2024;30/05/2024;31/05/2024;31/05/2024;3298,227;
1,45593E+11;11119;364;106;DYLAN;30/05/2024;31/05/2024;01/06/2024;02/06/2024;26128,946;
1,4464E+11;11062;365;108;HAFNIA ANDESINE;30/05/2024;31/05/2024;31/05/2024;31/05/2024;797,833;
1,45222E+11;11102;366;103;KASTOR;30/05/2024;30/05/2024;02/06/2024;02/06/2024;70200,472;
1,44948E+11;11080;367;100;TOURLIANI;30/05/2024;30/05/2024;01/06/2024;02/06/2024;64501,298;
1,44624E+11;11060;368;105;BBG WUZHOU;31/05/2024;31/05/2024;02/06/2024;02/06/2024;70414,272;
1,45524E+11;11110;369;108;HONESTY;31/05/2024;01/06/2024;01/06/2024;02/06/2024;11051,956;
1,44407E+11;11057;370;101;SILVER LADY;31/05/2024;01/06/2024;05/06/2024;05/06/2024;25125,46;
1,44781E+11;11111;372;104;ENDLESS SUMMER;31/05/2024;01/06/2024;03/06/2024;03/06/2024;16400,109;
1,45353E+11;11105;374;99;SALIGNA;31/05/2024;01/06/2024;06/06/2024;06/06/2024;59000;
1,44964E+11;11081;375;102;SAGA FANTASY;01/06/2024;02/06/2024;03/06/2024;03/06/2024;7136,734;
1,45192E+11;11101;376;100;GREAT VICTORY;02/06/2024;02/06/2024;04/06/2024;05/06/2024;65303,042;
1,45361E+11;11106;377;106;HORIZON EKAVI;02/06/2024;02/06/2024;04/06/2024;04/06/2024;24473,919;
1,45472E+11;11109;378;103;OCEAN LEGEND;02/06/2024;02/06/2024;04/06/2024;05/06/2024;67701,647;
1,44866E+11;11141;379;105;LUCA;03/06/2024;03/06/2024;03/06/2024;03/06/2024;3463,298;
1,45253E+11;11104;380;108;UOG SYROS;03/06/2024;03/06/2024;05/06/2024;05/06/2024;14545,483;
1,45586E+11;11127;381;105;MARINICKI;03/06/2024;03/06/2024;05/06/2024;05/06/2024;66177,441;
1,44293E+11;11051;382;102;PORT BELMONTE;04/06/2024;04/06/2024;10/06/2024;10/06/2024;32822,64;
1,45794E+11;11145;383;104;AKTEA;04/06/2024;04/06/2024;06/06/2024;06/06/2024;12366,068;
1,456E+11;11121;384;100;DUCHESS EMERALD;05/06/2024;05/06/2024;08/06/2024;08/06/2024;67033,486;
1,45592E+11;11118;385;105;GREAT MIND;05/06/2024;05/06/2024;08/06/2024;08/06/2024;65439,627;
1,44785E+11;11074;386;106;MILTON SANTOS;05/06/2024;05/06/2024;12/06/2024;12/06/2024;103970,605;
1,44778E+11;11070;387;101;MILIN KAMAK;05/06/2024;05/06/2024;12/06/2024;12/06/2024;43323,59;
1,45775E+11;11143;388;103;AURORA BOREALIS;06/06/2024;06/06/2024;09/06/2024;09/06/2024;71500;
1,45718E+11;11135;389;108;SERGIO BUARQUE DE HOLANDA;06/06/2024;06/06/2024;08/06/2024;08/06/2024;8914,813;
1,45712E+11;11134;390;99;BERGE BEN NEVIS;06/06/2024;06/06/2024;09/06/2024;09/06/2024;7968,15;
1,45718E+11;11136;391;104;EPIC BEATA;06/06/2024;07/06/2024;08/06/2024;08/06/2024;3464,841;
1,45584E+11;11115;392;100;NOVA OPTIMUS;08/06/2024;08/06/2024;11/06/2024;11/06/2024;71500;
1,45719E+11;11137;393;108;CELSO FURTADO;08/06/2024;08/06/2024;09/06/2024;09/06/2024;19364,029;
1,45607E+11;11125;394;105;BALTIC HORNET;08/06/2024;08/06/2024;10/06/2024;11/06/2024;56279,473;
1,45794E+11;11164;395;104;AKTEA;08/06/2024;09/06/2024;09/06/2024;10/06/2024;7970,167;
1,44317E+11;11053;396;99;KINLING;09/06/2024;09/06/2024;11/06/2024;11/06/2024;10019,95;
1,45705E+11;11133;397;108;EDEN;09/06/2024;09/06/2024;11/06/2024;11/06/2024;32341,567;
1,4604E+11;11153;398;103;DUKE I;09/06/2024;09/06/2024;11/06/2024;12/06/2024;68792,918;
1,46117E+11;11165;399;104;BG AGNES;10/06/2024;10/06/2024;10/06/2024;11/06/2024;51,207;
1,45666E+11;11129;400;102;SANTA VENERA;10/06/2024;10/06/2024;15/06/2024;15/06/2024;22226,58;
1,46111E+11;11155;401;105;WU YI HAI;11/06/2024;11/06/2024;12/06/2024;12/06/2024;47757,082;
1,4575E+11;11138;402;104;CLARITY;11/06/2024;11/06/2024;12/06/2024;12/06/2024;13911,462;
1,46191E+11;11160;403;108;MERSEY;11/06/2024;11/06/2024;13/06/2024;13/06/2024;13904,696;
1,45952E+11;11148;404;100;MOTARO;11/06/2024;11/06/2024;13/06/2024;13/06/2024;71500;
1,4559E+11;11117;405;99;SAGA BEIJA-FLOR;11/06/2024;11/06/2024;13/06/2024;13/06/2024;22670;
1,4536E+11;11107;406;103;JAG ARNAV;12/06/2024;12/06/2024;14/06/2024;14/06/2024;70400,968;
1,46191E+11;11161;407;106;ALHENA;12/06/2024;13/06/2024;15/06/2024;15/06/2024;32119,788;
1,45891E+11;11147;408;105;PORT KYOTO;12/06/2024;12/06/2024;15/06/2024;15/06/2024;51000;
1,46242E+11;11168;409;104;DARCY RIBEIRO;12/06/2024;12/06/2024;14/06/2024;14/06/2024;3238,707;
1,44426E+11;11058;410;101;UTOPIA;12/06/2024;12/06/2024;16/06/2024;17/06/2024;29883,77;
1,46128E+11;11157;411;108;DALMACIJA;13/06/2024;14/06/2024;16/06/2024;16/06/2024;18317,246;
1,45752E+11;11139;412;100;STAR MARIA;13/06/2024;13/06/2024;15/06/2024;16/06/2024;71295,063;
1,45586E+11;11116;413;99;ARIES KARIN;13/06/2024;14/06/2024;16/06/2024;16/06/2024;21260,3;
1,45607E+11;11126;414;103;OCEANLOVE;14/06/2024;14/06/2024;16/06/2024;17/06/2024;52586,347;
1,45801E+11;11146;415;104;OCEAN VENTURE;14/06/2024;14/06/2024;15/06/2024;15/06/2024;6685,7;
1,4576E+11;11140;416;105;STAR NASIA;15/06/2024;15/06/2024;17/06/2024;17/06/2024;70232,672;
1,46241E+11;11167;417;106;BEKS SOLAR;15/06/2024;15/06/2024;17/06/2024;18/06/2024;8291,047;
1,46192E+11;11162;418;104;HORIZON APHRODITE;15/06/2024;16/06/2024;17/06/2024;17/06/2024;13163,347;
1,45674E+11;11130;419;100;GUO YUAN 18;16/06/2024;16/06/2024;17/06/2024;18/06/2024;66925,396;
1,45705E+11;11132;420;102;FEDERAL BERING;16/06/2024;16/06/2024;19/06/2024;19/06/2024;20826,45;
1,46121E+11;11156;421;99;BRASSIANA;16/06/2024;16/06/2024;18/06/2024;19/06/2024;32400;
1,45994E+11;11149;422;108;MT MYRA;16/06/2024;17/06/2024;19/06/2024;20/06/2024;37551,535;
1,45447E+11;11108;423;103;DARYA RAMA;17/06/2024;17/06/2024;18/06/2024;18/06/2024;53134,716;
1,456E+11;11122;424;101;KNIDOS-M;17/06/2024;17/06/2024;22/06/2024;22/06/2024;38383,571;
1,46588E+11;11174;425;105;CHARLES;17/06/2024;17/06/2024;18/06/2024;18/06/2024;24341;
1,46695E+11;11179;426;104;AVON;17/06/2024;17/06/2024;18/06/2024;19/06/2024;15514,115;
1,46233E+11;11166;427;106;CHAMPION ENDURANCE;18/06/2024;18/06/2024;19/06/2024;19/06/2024;6472,008;
1,46855E+11;11192;428;100;SWIFT HANGZHOU;18/06/2024;18/06/2024;20/06/2024;21/06/2024;66946,19;
1,46518E+11;11170;429;105;KARPATY;19/06/2024;19/06/2024;20/06/2024;21/06/2024;70055,254;
1,46014E+11;11150;430;103;SUPER NOVA;19/06/2024;19/06/2024;21/06/2024;21/06/2024;66518,575;
1,46031E+11;11151;431;99;OSPREY ARROW;19/06/2024;19/06/2024;21/06/2024;22/06/2024;7485,983;
1,46851E+11;11190;432;104;EPIC BEATA;19/06/2024;19/06/2024;20/06/2024;20/06/2024;3487,321;
1,45586E+11;11201;433;102;ARIES KARIN;20/06/2024;20/06/2024;25/06/2024;25/06/2024;40716,83;
1,46241E+11;11209;434;108;BEKS SOLAR;20/06/2024;20/06/2024;21/06/2024;22/06/2024;6566,501;
1,4658E+11;11171;435;105;THERESA HAINAN;21/06/2024;21/06/2024;22/06/2024;23/06/2024;69647,9;
1,46038E+11;11152;436;100;KYZIKOS;21/06/2024;21/06/2024;23/06/2024;23/06/2024;79228,55;
1,47324E+11;11207;437;106;CHARMINAR;21/06/2024;21/06/2024;23/06/2024;24/06/2024;28935,626;
1,46858E+11;11193;438;104;JOSE ALENCAR;21/06/2024;21/06/2024;23/06/2024;23/06/2024;16052,519;
1,46718E+11;11182;439;103;ROYAL LAUREL;21/06/2024;21/06/2024;23/06/2024;24/06/2024;68088,051;
1,46113E+11;11154;440;99;ARBORELLA;22/06/2024;22/06/2024;23/06/2024;23/06/2024;19410;
1,46766E+11;11188;441;108;HORIZON EKAVI;22/06/2024;22/06/2024;26/06/2024;26/06/2024;27993,017;
1,45602E+11;11123;442;101;FEDERAL DEE;22/06/2024;22/06/2024;24/06/2024;25/06/2024;19359,04;
1,46609E+11;11176;443;105;RESOLUTE BAY;23/06/2024;23/06/2024;24/06/2024;24/06/2024;20010;
1,47244E+11;11203;444;104;LUCIO COSTA;23/06/2024;23/06/2024;24/06/2024;24/06/2024;1664,271;
1,46723E+11;11184;445;106;OLAVO BILAC;24/06/2024;24/06/2024;28/06/2024;29/06/2024;97212,679;
1,46246E+11;11169;446;103;ROYAL HOPE;24/06/2024;24/06/2024;24/06/2024;24/06/2024;6222,94;
1,46695E+11;11214;447;104;AVON;24/06/2024;24/06/2024;26/06/2024;27/06/2024;42098,995;
1,46246E+11;11255;448;100;ROYAL HOPE;24/06/2024;24/06/2024;26/06/2024;26/06/2024;57829,107;
1,46699E+11;11181;449;105;DORIC ARMOUR;24/06/2024;25/06/2024;26/06/2024;26/06/2024;69604,458;
1,45775E+11;11142;450;101;AQUAVITA MINT;25/06/2024;25/06/2024;28/06/2024;28/06/2024;24031,21;
1,44854E+11;11078;451;99;DELPHI RANGER;25/06/2024;25/06/2024;02/07/2024;03/07/2024;45757,3;
1,46585E+11;11172;452;102;ADASTAR;25/06/2024;25/06/2024;27/06/2024;28/06/2024;11365,77;
1,46859E+11;11195;453;108;NAVE ORBIT;26/06/2024;27/06/2024;29/06/2024;29/06/2024;15415,394;
1,4708E+11;11199;454;105;SPAR ARIES;26/06/2024;27/06/2024;28/06/2024;28/06/2024;57121,484;
1,4731E+11;11206;455;100;APHRODITE L;26/06/2024;26/06/2024;28/06/2024;29/06/2024;69698,738;
1,47246E+11;11204;456;104;CLARITY;27/06/2024;27/06/2024;28/06/2024;28/06/2024;30425,872;
1,46852E+11;11191;457;103;RIZOKARPASO;28/06/2024;28/06/2024;01/07/2024;01/07/2024;70989,035;
1,47539E+11;11215;458;102;NAVE ATRIA;28/06/2024;28/06/2024;28/06/2024;28/06/2024;648,608;
1,46858E+11;11194;459;102;MARLIN;28/06/2024;28/06/2024;29/06/2024;29/06/2024;155,458;
1,47027E+11;11198;460;105;DORIC VICTORY;28/06/2024;29/06/2024;01/07/2024;01/07/2024;43995,917;
1,44656E+11;11063;461;101;GENCO RHONE;29/06/2024;29/06/2024;02/07/2024;02/07/2024;30006,74;
1,47539E+11;11274;462;106;NAVE ATRIA;29/06/2024;29/06/2024;30/06/2024;30/06/2024;13380,572;
1,47415E+11;11210;463;104;BOND;29/06/2024;30/06/2024;01/07/2024;01/07/2024;8983,644;
1,47244E+11;11253;464;102;LUCIO COSTA;29/06/2024;29/06/2024;29/06/2024;30/06/2024;1766,711;
1,46601E+11;11175;465;100;MAGIC MARS;29/06/2024;29/06/2024;01/07/2024;01/07/2024;66550,47;
1,46858E+11;11275;466;106B;MARLIN;29/06/2024;29/06/2024;30/06/2024;30/06/2024;13380,572;
1,45628E+11;11128;467;108;CASSIOPEIA II;29/06/2024;30/06/2024;02/07/2024;02/07/2024;21010,686;
1,47686E+11;11222;468;102;UNI BLOSSOM;30/06/2024;30/06/2024;05/07/2024;06/07/2024;27719,89;
1,47428E+11;11213;469;106;CELSIUS PORTSMOUTH;30/06/2024;01/07/2024;04/07/2024;04/07/2024;40582,4;
1,47945E+11;11243;470;104;HORIZON ARMONIA;01/07/2024;01/07/2024;02/07/2024;02/07/2024;3036,932;
1,48753E+11;11279;471;103;ROYAL HOPE;01/07/2024;01/07/2024;01/07/2024;02/07/2024;4090,892;
1,47421E+11;11211;472;100;BBG HONGKONG;01/07/2024;01/07/2024;03/07/2024;04/07/2024;68750,292;
1,46859E+11;11278;473;106B;NAVE ORBIT;01/07/2024;01/07/2024;02/07/2024;02/07/2024;19105,406;
1,46762E+11;11186;474;105;ODYSSEAS L;01/07/2024;02/07/2024;03/07/2024;03/07/2024;70031,314;
1,47229E+11;11200;475;103;TIMORSUN;02/07/2024;02/07/2024;04/07/2024;04/07/2024;70439,111;
1,47573E+11;11217;476;104;MAERSK TAMPA;02/07/2024;02/07/2024;04/07/2024;04/07/2024;17549,236;
1,46691E+11;11178;477;101;ASTRA CENTAURUS;02/07/2024;02/07/2024;08/07/2024;08/07/2024;39203,92;
1,47348E+11;11208;478;99;AVOCET ARROW;03/07/2024;03/07/2024;08/07/2024;08/07/2024;59000;
1,47572E+11;11216;479;108;FLUMAR BRASIL;03/07/2024;03/07/2024;05/07/2024;06/07/2024;25519,989;
1,47941E+11;11240;480;105;HSL TAMPA;03/07/2024;03/07/2024;05/07/2024;05/07/2024;70743,034;
1,46977E+11;11196;481;100;SEAGEM;04/07/2024;04/07/2024;05/07/2024;06/07/2024;70153,621;
1,46991E+11;11197;482;106;LARA II;04/07/2024;04/07/2024;08/07/2024;08/07/2024;42196,482;
1,47962E+11;11254;483;104;EPIC BEATA;04/07/2024;04/07/2024;05/07/2024;06/07/2024;3505,68;
1,47952E+11;11249;484;103;ANNA J;04/07/2024;04/07/2024;07/07/2024;07/07/2024;71110;
1,47959E+11;11252;485;105;YM THERESA;05/07/2024;05/07/2024;07/07/2024;08/07/2024;71075,013;
1,4805E+11;11261;486;100;AKAKI;06/07/2024;06/07/2024;08/07/2024;08/07/2024;72500;
1,46762E+11;11187;487;102;ILENAO;06/07/2024;06/07/2024;11/07/2024;11/07/2024;42143,01;
1,48386E+11;11272;488;104;OCEAN ELECTRA;06/07/2024;06/07/2024;07/07/2024;07/07/2024;6753,588;
1,47674E+11;11221;489;108;TORM ALLEGRO;06/07/2024;06/07/2024;08/07/2024;08/07/2024;17082,782;
1,46847E+11;11189;490;103;SSI INTERCEPTOR;07/07/2024;07/07/2024;09/07/2024;09/07/2024;56704,559;
1,48161E+11;11262;491;104;DALMACIJA;07/07/2024;07/07/2024;09/07/2024;09/07/2024;15205,649;
1,48017E+11;11258;492;105;PHOENIX;08/07/2024;08/07/2024;09/07/2024;09/07/2024;9376;
1,47239E+11;11202;494;101;TRIDENT STAR;08/07/2024;08/07/2024;14/07/2024;14/07/2024;47855,36;
1,48049E+11;11260;493;100;SEA BIRD;08/07/2024;08/07/2024;10/07/2024;10/07/2024;70400,766;
1,48465E+11;11276;495;108;MILOU;08/07/2024;08/07/2024;11/07/2024;11/07/2024;32848,893;
1,46176E+11;11159;496;99;COMMON CALYPSO;08/07/2024;08/07/2024;14/07/2024;14/07/2024;36510,62;
1,48811E+11;11287;497;105;GNG CONCORD 2;09/07/2024;09/07/2024;12/07/2024;12/07/2024;65231,855;
1,48754E+11;11280;498;103;ONE OCEAN;09/07/2024;09/07/2024;11/07/2024;12/07/2024;69300;
1,47573E+11;11218;499;104;FORTE DE S�O LUIZ;10/07/2024;10/07/2024;11/07/2024;12/07/2024;3352,91;
1,48881E+11;11288;500;106;FRONT CAPELLA;10/07/2024;10/07/2024;16/07/2024;17/07/2024;94448,242;
1,4826E+11;11268;501;100;LONDON 2012;10/07/2024;10/07/2024;13/07/2024;14/07/2024;69470;
1,47944E+11;11241;502;108;ELANDRA REDWOOD;11/07/2024;11/07/2024;14/07/2024;14/07/2024;27693,258;
1,46612E+11;11177;503;102;STAR CLEO;11/07/2024;12/07/2024;17/07/2024;17/07/2024;34514,46;
1,47958E+11;11251;504;103;VSC POSEIDON;12/07/2024;12/07/2024;15/07/2024;15/07/2024;66180,399;
1,48017E+11;11327;505;105;PHOENIX;12/07/2024;12/07/2024;15/07/2024;15/07/2024;64991;
1,49246E+11;11301;506;106B;SERGIO BUARQUE DE HOLANDA;12/07/2024;12/07/2024;13/07/2024;13/07/2024;23590,759;
1,46157E+11;11158;507;104;BOW CARDINAL;13/07/2024;13/07/2024;14/07/2024;14/07/2024;6477,837;
1,47673E+11;11220;508;100;ELENA VE;14/07/2024;14/07/2024;16/07/2024;16/07/2024;67393,495;
1,47422E+11;11212;509;101;TAI STEADINESS;14/07/2024;14/07/2024;19/07/2024;20/07/2024;49333,49;
1,49961E+11;11331;510;108;FLUMAR BRASIL;14/07/2024;14/07/2024;15/07/2024;15/07/2024;9697,452;
1,48174E+11;11265;511;99;CITRIODORA;15/07/2024;15/07/2024;19/07/2024;19/07/2024;49300;
1,4915E+11;11296;512;104;PRAGUE;15/07/2024;15/07/2024;17/07/2024;17/07/2024;21913,778;
1,48395E+11;11273;513;103;TRUSTN TRADER;15/07/2024;15/07/2024;17/07/2024;17/07/2024;69300;
1,49554E+11;11321;514;106B;HORIZON ARMONIA;15/07/2024;15/07/2024;16/07/2024;16/07/2024;25343,981;
1,48483E+11;11277;515;108;HORIZON EKAVI;15/07/2024;15/07/2024;19/07/2024;19/07/2024;22432,69;
1,48799E+11;11285;516;105;TRANSCENDEN AG;15/07/2024;16/07/2024;18/07/2024;18/07/2024;77000;
1,483E+11;11289;517;100;NORVIC COPENHAGEN;16/07/2024;16/07/2024;18/07/2024;18/07/2024;59211,807;
1,50398E+11;11339;518;106;DALLAS;17/07/2024;17/07/2024;20/07/2024;20/07/2024;23988,198;
1,48269E+11;11269;519;102;MOUNTPARK;17/07/2024;17/07/2024;21/07/2024;21/07/2024;21990,93;
1,49584E+11;11323;520;104;LUCIO COSTA;17/07/2024;17/07/2024;18/07/2024;18/07/2024;3679,673;
1,49145E+11;11293;521;103;MSXT ATHENA;17/07/2024;17/07/2024;19/07/2024;20/07/2024;68751;
1,48768E+11;11283;522;105;VINDONISSA;18/07/2024;18/07/2024;19/07/2024;20/07/2024;54566,429;
1,49673E+11;11325;523;100;CHRISTIANNA;18/07/2024;18/07/2024;20/07/2024;20/07/2024;71040;
1,49746E+11;11328;524;104;BG AGNES;19/07/2024;19/07/2024;19/07/2024;19/07/2024;299,801;
1,47948E+11;11248;525;108;BOW TRAJECTORY;19/07/2024;19/07/2024;21/07/2024;21/07/2024;7062,362;
1,48182E+11;11266;526;99;STAR LYGRA;19/07/2024;19/07/2024;22/07/2024;23/07/2024;16456,61;
1,49149E+11;11295;527;103;PATRA;20/07/2024;20/07/2024;22/07/2024;22/07/2024;69891,273;
1,49246E+11;11300;528;104;TWEED;20/07/2024;20/07/2024;23/07/2024;23/07/2024;30103,127;
1,47956E+11;11250;529;101;S-BREEZE;20/07/2024;20/07/2024;26/07/2024;27/07/2024;31523,57;
1,48806E+11;11286;530;100;STALO;20/07/2024;20/07/2024;22/07/2024;23/07/2024;69300;
1,49576E+11;11322;531;105;SHENG JI HAI;20/07/2024;20/07/2024;22/07/2024;22/07/2024;51296,864;
1,48769E+11;11284;532;106;PACIFIC ONYX;20/07/2024;21/07/2024;22/07/2024;22/07/2024;16670,884;
1,50435E+11;11344;533;108;SERGIO BUARQUE DE HOLANDA;21/07/2024;21/07/2024;22/07/2024;22/07/2024;10248,299;
1,4876E+11;11281;534;102;OBAHAN C;21/07/2024;21/07/2024;25/07/2024;25/07/2024;19799,12;
1,50647E+11;11357;535;105;OCCITAN PAUILLAC;22/07/2024;22/07/2024;24/07/2024;24/07/2024;27603;
1,49962E+11;11332;536;103;LMZ ATLAS;22/07/2024;22/07/2024;25/07/2024;25/07/2024;74009,549;
1,48161E+11;11264;537;99;EMERALD BAISHA;23/07/2024;23/07/2024;28/07/2024;28/07/2024;32060,64;
1,50039E+11;11336;538;104;DARCY RIBEIRO;23/07/2024;23/07/2024;25/07/2024;25/07/2024;3361,928;
1,49535E+11;11320;539;105;FLAG METTE;24/07/2024;24/07/2024;25/07/2024;26/07/2024;70420,9;
1,48769E+11;11363;540;106;PACIFIC ONYX;24/07/2024;25/07/2024;27/07/2024;28/07/2024;35476,943;
1,47947E+11;11247;541;100;CORATO;25/07/2024;25/07/2024;27/07/2024;27/07/2024;70860,807;
1,50722E+11;11358;542;108;ALHENA;25/07/2024;25/07/2024;27/07/2024;28/07/2024;21769,233;
1,50559E+11;11352;543;103;TRIDENT STAR;25/07/2024;25/07/2024;27/07/2024;27/07/2024;52854,79;
1,48164E+11;11263;544;102;ANNA-DOROTHEA;25/07/2024;25/07/2024;31/07/2024;31/07/2024;30158,64;
1,50654E+11;11355;545;105;DELOS II;26/07/2024;26/07/2024;27/07/2024;27/07/2024;21610;
1,49227E+11;11299;546;101;PUNA;27/07/2024;27/07/2024;29/07/2024;29/07/2024;18989,83;
1,50078E+11;11338;547;105;EVER BEST;27/07/2024;27/07/2024;29/07/2024;30/07/2024;70346,997;
1,48887E+11;11290;548;100;ATLANTICA;27/07/2024;27/07/2024;29/07/2024;29/07/2024;70521,599;
1,50489E+11;11351;549;104;EVGENIA S;27/07/2024;28/07/2024;29/07/2024;29/07/2024;12971,926;
1,49678E+11;11326;550;103;ATHINA L;27/07/2024;27/07/2024;29/07/2024;29/07/2024;69908,396;
1,50565E+11;11353;551;106;JAG POOJA;28/07/2024;28/07/2024;01/08/2024;01/08/2024;25065,662;
1,5104E+11;11366;552;99;ARBORELLA;28/07/2024;29/07/2024;02/08/2024;02/08/2024;54500;
1,49148E+11;11294;553;103;PRESTIGE DIVA;29/07/2024;30/07/2024;02/08/2024;02/08/2024;73297,224;
1,51402E+11;11371;554;104;LUCIO COSTA;29/07/2024;30/07/2024;31/07/2024;31/07/2024;3379,704;
1,49209E+11;11298;555;101;SYNVAL;29/07/2024;30/07/2024;01/08/2024;01/08/2024;25008,56;
1,505E+11;11348;556;100;HUAN HANG 19;29/07/2024;30/07/2024;01/08/2024;01/08/2024;65170;
1,51073E+11;11368;557;105;VALKYRIE;30/07/2024;30/07/2024;01/08/2024;01/08/2024;56241,097;
1,50527E+11;11350;558;108;ANAYA;30/07/2024;30/07/2024;02/08/2024;02/08/2024;15661,945;
1,47577E+11;11219;559;102;NING TAI HAI;31/07/2024;31/07/2024;07/08/2024;07/08/2024;45332,78;
1,51596E+11;11388;560;104;BG AGNES;01/08/2024;01/08/2024;01/08/2024;01/08/2024;50,18;
1,47945E+11;11242;561;101;NORMA;01/08/2024;01/08/2024;03/08/2024;04/08/2024;22275,39;
1,50722E+11;11386;562;104;ALHENA;01/08/2024;01/08/2024;02/08/2024;03/08/2024;13157,639;
1,49666E+11;11324;563;100;NBA MAGRITTE;01/08/2024;01/08/2024;03/08/2024;04/08/2024;69300;
1,5087E+11;11362;564;105;S-BREEZE;02/08/2024;02/08/2024;03/08/2024;03/08/2024;50531,471;
1,50025E+11;11335;565;103;MODIGLIANI;02/08/2024;02/08/2024;04/08/2024;05/08/2024;71037,608;
1,49991E+11;11334;566;99;FIRST SKY;02/08/2024;02/08/2024;07/08/2024;07/08/2024;44013,99;
1,51301E+11;11370;567;106;HORIZON EKAVI;03/08/2024;03/08/2024;05/08/2024;06/08/2024;18289,451;
1,51443E+11;11374;568;104;DALLAS;03/08/2024;03/08/2024;04/08/2024;05/08/2024;7383,26;
1,5073E+11;11360;569;105;GU IMABARI;03/08/2024;03/08/2024;05/08/2024;05/08/2024;63099,146;
1,51448E+11;11377;570;108;MERSEY;03/08/2024;04/08/2024;05/08/2024;06/08/2024;9834,839;
1,50486E+11;11346;571;101;BETTY;04/08/2024;04/08/2024;07/08/2024;07/08/2024;32961,59;
1,49959E+11;11330;572;100;ORPHEUS;04/08/2024;04/08/2024;06/08/2024;06/08/2024;65150;
1,49817E+11;11329;573;103;YUAN HANG CAI FU;05/08/2024;05/08/2024;07/08/2024;07/08/2024;68759,003;
1,5176E+11;11387;574;104;FORTE DE S�O LUIZ;05/08/2024;05/08/2024;06/08/2024;07/08/2024;2992,391;
1,51629E+11;11391;575;106;OCEAN WAVE I;06/08/2024;06/08/2024;08/08/2024;08/08/2024;21217,257;
1,5165E+11;11385;576;108;VIALLI;06/08/2024;06/08/2024;08/08/2024;09/08/2024;34592,861;
1,51635E+11;11384;577;100;AOM MARIA LAURA;06/08/2024;06/08/2024;09/08/2024;09/08/2024;70829,8;
1,51509E+11;11378;578;104;MAERSK MALAGA;07/08/2024;07/08/2024;07/08/2024;08/08/2024;5432,327;
1,49991E+11;11430;579;102;FIRST SKY;07/08/2024;07/08/2024;10/08/2024;10/08/2024;15837,01;
1,51628E+11;11383;580;103;BRILLIANT TRADER;07/08/2024;07/08/2024;09/08/2024;10/08/2024;69300;
1,51146E+11;11369;581;101;ND ARMONIA;07/08/2024;07/08/2024;10/08/2024;11/08/2024;47535,01;
1,51447E+11;11376;582;99;PELICAN ARROW;07/08/2024;07/08/2024;12/08/2024;12/08/2024;59000;
1,51622E+11;11382;583;104;PINE MEADOW;08/08/2024;08/08/2024;08/08/2024;09/08/2024;8203,516;
1,5165E+11;11433;584;104;VIALLI;09/08/2024;09/08/2024;10/08/2024;10/08/2024;2354,008;
1,52004E+11;11407;585;108;POP;09/08/2024;09/08/2024;10/08/2024;10/08/2024;6193,02;
1,51034E+11;11364;586;106;ANDR� REBOU�AS;09/08/2024;09/08/2024;17/08/2024;17/08/2024;129410,853;
1,51824E+11;11390;587;105;GENEVAN TRADER;09/08/2024;09/08/2024;12/08/2024;12/08/2024;67200,712;
1,505E+11;11349;588;100;SILVER NAVIGATOR;09/08/2024;09/08/2024;12/08/2024;12/08/2024;69300;
1,51448E+11;11420;589;104;MERSEY;10/08/2024;10/08/2024;12/08/2024;12/08/2024;41656,62;
1,51959E+11;11401;590;108;CELSO FURTADO;10/08/2024;11/08/2024;13/08/2024;13/08/2024;20612,611;
1,5048E+11;11345;591;103;GLORIA;10/08/2024;10/08/2024;14/08/2024;14/08/2024;73060,421;
1,49971E+11;11333;592;101;STAR ISLAND;11/08/2024;11/08/2024;16/08/2024;17/08/2024;49247,68;
1,52904E+11;11428;593;102;EPIC BEATA;12/08/2024;12/08/2024;13/08/2024;13/08/2024;3545,483;
1,49061E+11;11291;594;99;STERLING SVEA;12/08/2024;12/08/2024;20/08/2024;21/08/2024;66137,16;
1,51898E+11;11393;595;104;BOW SUN;12/08/2024;12/08/2024;13/08/2024;13/08/2024;6512,87;
1,52715E+11;11427;596;106B;ROMULO ALMEIDA;12/08/2024;12/08/2024;13/08/2024;13/08/2024;15242,256;
1,52633E+11;11415;597;105;OLIVIA;12/08/2024;12/08/2024;14/08/2024;14/08/2024;28732,772;
1,50627E+11;11354;598;100;SUDETY;12/08/2024;12/08/2024;14/08/2024;14/08/2024;70488,424;
1,53266E+11;11436;599;108;CLEAROCEAN MELODY;13/08/2024;13/08/2024;14/08/2024;15/08/2024;15346,852;
1,52024E+11;11409;600;104;OSAKA;13/08/2024;14/08/2024;16/08/2024;16/08/2024;17352,917;
1,51441E+11;11379;601;103;MONT FORT;14/08/2024;14/08/2024;16/08/2024;16/08/2024;70220;
1,51968E+11;11405;602;105;BORDEAUX;14/08/2024;15/08/2024;16/08/2024;16/08/2024;54268,265;
1,5151E+11;11380;603;100;COSMAR;14/08/2024;14/08/2024;16/08/2024;16/08/2024;69100;
1,53226E+11;11434;604;108;ELANDRA WILLOW;15/08/2024;15/08/2024;18/08/2024;18/08/2024;16575,191;
1,53412E+11;11441;605;102;OSCAR NIEMEYER;16/08/2024;16/08/2024;17/08/2024;18/08/2024;3296,965;
1,51902E+11;11394;606;105;STAR MOIRA;16/08/2024;16/08/2024;18/08/2024;18/08/2024;69300;
1,51959E+11;11402;607;104;MTM HAMBURG;16/08/2024;16/08/2024;17/08/2024;17/08/2024;6360,586;
1,52668E+11;11418;608;103;CL BEIJING;17/08/2024;17/08/2024;19/08/2024;19/08/2024;70005,582;
1,52619E+11;11413;609;100;ATTALIA;17/08/2024;17/08/2024;19/08/2024;19/08/2024;73191,818;
1,51967E+11;11404;610;101;KUJAWY;17/08/2024;17/08/2024;19/08/2024;19/08/2024;20745,98;
1,51953E+11;11400;611;106;BASTOS I;18/08/2024;18/08/2024;21/08/2024;21/08/2024;16553,492;
1,53358E+11;11438;612;104;BG AGNES;18/08/2024;18/08/2024;19/08/2024;20/08/2024;6512,625;
1,51882E+11;11392;613;102;BERGE JUNGFRAU;18/08/2024;18/08/2024;19/08/2024;19/08/2024;5499,56;
1,52006E+11;11408;614;108;SCF PROVIDER;18/08/2024;18/08/2024;21/08/2024;21/08/2024;31135,091;
1,52617E+11;11412;615;105;TOMINI UNITY;19/08/2024;19/08/2024;21/08/2024;21/08/2024;52250;
1,48033E+11;11259;616;101;SOUTHERN CROSS;19/08/2024;19/08/2024;21/08/2024;22/08/2024;20014,07;
1,51602E+11;11381;617;100;DA TONG;19/08/2024;19/08/2024;22/08/2024;22/08/2024;71420;
1,52471E+11;11411;618;103;TUO FU 6;19/08/2024;19/08/2024;22/08/2024;22/08/2024;71500;
1,53413E+11;11442;619;102;MAERSK MALAGA;19/08/2024;20/08/2024;20/08/2024;20/08/2024;4946,663;
1,53227E+11;11435;620;104;PS SINGAPORE;20/08/2024;20/08/2024;22/08/2024;23/08/2024;24855,142;
1,5191E+11;11395;621;102;ULTRA ANGEL;20/08/2024;20/08/2024;24/08/2024;24/08/2024;20922,22;
1,5279E+11;11423;622;99;BRASSIANA;21/08/2024;21/08/2024;23/08/2024;23/08/2024;22400;
1,52001E+11;11406;623;105;EMERALD BAISHA;21/08/2024;21/08/2024;24/08/2024;24/08/2024;72999;
1,52173E+11;11410;624;106;HORIZON THETIS;21/08/2024;22/08/2024;24/08/2024;24/08/2024;20087,046;
1,50726E+11;11359;625;101;STRATEGIC ENTITY;22/08/2024;22/08/2024;22/08/2024;23/08/2024;5565,37;
1,52631E+11;11414;626;108;HAFNIA CRUX;22/08/2024;22/08/2024;23/08/2024;24/08/2024;10447,116;
1,53372E+11;11439;627;103;URSULA MANX;22/08/2024;22/08/2024;25/08/2024;25/08/2024;72108,966;
1,51966E+11;11403;628;100;EFRAIM A;22/08/2024;22/08/2024;25/08/2024;25/08/2024;70500;
1,53737E+11;11454;629;104;EPIC BEATA;23/08/2024;23/08/2024;24/08/2024;24/08/2024;3502,12;
1,5277E+11;11421;630;101;FEDERAL FRANKLIN;23/08/2024;23/08/2024;27/08/2024;27/08/2024;32827,54;
1,53671E+11;11450;631;99;CITRIODORA;23/08/2024;23/08/2024;26/08/2024;26/08/2024;30100;
1,52781E+11;11422;632;108;ST GEORGE;24/08/2024;24/08/2024;26/08/2024;26/08/2024;21275,182;
1,52669E+11;11419;633;105;YM ADVANCE;24/08/2024;24/08/2024;25/08/2024;26/08/2024;61079,157;
1,54173E+11;11463;634;106;HONESTY;24/08/2024;24/08/2024;25/08/2024;26/08/2024;13068,731;
1,54241E+11;11469;635;104;NAVE ORBIT;24/08/2024;25/08/2024;26/08/2024;26/08/2024;10097,696;
1,50415E+11;11342;636;102;UNITY ODYSSEY;24/08/2024;24/08/2024;30/08/2024;30/08/2024;36251,46;
1,53398E+11;11440;637;100;IKAN BELANAK;25/08/2024;25/08/2024;28/08/2024;28/08/2024;70903,331;
1,5376E+11;11455;638;103;VOLOS;25/08/2024;25/08/2024;28/08/2024;28/08/2024;70257,672;
1,53635E+11;11448;640;105;FEDERAL YAMASKA;26/08/2024;26/08/2024;27/08/2024;28/08/2024;23352;
1,54162E+11;11462;641;106;HORIZON EKAVI;26/08/2024;26/08/2024;29/08/2024;29/08/2024;34301,88;
1,53641E+11;11449;642;101;SIGMA PIONEER;27/08/2024;27/08/2024;29/08/2024;29/08/2024;18478,54;
1,53733E+11;11452;643;105;SOUTHERN CROSS;28/08/2024;28/08/2024;30/08/2024;30/08/2024;32721;
1,52668E+11;11417;644;100;CAMELLIA BLISS;28/08/2024;28/08/2024;30/08/2024;30/08/2024;70100,008;
1,54174E+11;11464;645;108;PACIFIC AZUR;28/08/2024;29/08/2024;31/08/2024;31/08/2024;21328,709;
1,53012E+11;11431;646;103;IONIC KALLIRHOE;28/08/2024;28/08/2024;30/08/2024;31/08/2024;76519,356;
1,55046E+11;11486;647;104;DARCY RIBEIRO;29/08/2024;29/08/2024;30/08/2024;31/08/2024;3478,416;
